id,slide,author,date,symbol,direction,setup_label,tod_et,session_phase,level_price_cited,level_price,level_type,level_detail,level_age_days,level_touch_count,level_dist_from_extreme_atr,level_pierced,day_open,day_high,day_low,day_close,prior_close,atr14_daily,atr_pct_of_price,ext_from_open_atr,ext_from_prior_close_atr,ext_from_hod_lod_atr,gap_pct,day_pct,consecutive_dir_days,bb_pos_prior,bb_traversal_days,pct_off_swing_extreme_60d,daily_range_expansion,rvol_daily,vol_vs_prior_day,capitulation_flag,close_vs_50sma_pct,close_vs_200sma_pct,move_pct_1d,move_atr_1d,move_pct_3d,move_atr_3d,move_pct_5d,move_atr_5d,spy_close_vs_20sma_pct,spy_close_vs_50sma_pct,spy_above_20sma,spy_above_50sma,spy_20d_range_pct,spy_regime,spy_day_pct,spy_gap_pct,qqq_close_vs_20sma_pct,qqq_close_vs_50sma_pct,qqq_above_20sma,qqq_above_50sma,qqq_20d_range_pct,qqq_regime,qqq_day_pct,qqq_gap_pct,sector_proxy,proxy_close_vs_20sma_pct,proxy_close_vs_50sma_pct,proxy_above_20sma,proxy_above_50sma,proxy_20d_range_pct,proxy_regime,proxy_day_pct,proxy_gap_pct,vix_close,vix_change_pct,vix_vs_20sma_pct,vix_bucket,daily_extreme,intraday_source,ext_time_et,ext_price_intraday,ext_matches_daily_extreme,opening_print,vwap_at_extension,vwap_dist_at_ext_atr,entry_ref_price,entry_ref_time_et,entry_slippage_from_ext_atr,structural_stop,risk_per_share,risk_as_pct_atr,stopped_out,mfe_R,mae_R,mfe_R_perfect_entry,time_to_mfe_min,r_at_vwap,r_at_opening_print,r_at_close,vol_first_30m,spread_at_ext,r_at_intraday_swing,r_at_overnight_swing,rvol_first_30m,year_confidence,notes_cited
E01,2,Elijah,2026-07-07,SNDK,long,Daily OE Long + Extension into Key Support,10:30,morning,1500.0,1500.0,round,prior daily high/low,19,15,0.027,True,1619.28,1638.88,1485.02,1617.7,1744.43,231.27,13.26,0.543,1.084,0.665,-7.17,-7.26,3,0.262,7,-36.93,0.92,1.25,1.6,False,-0.46,127.2,-14.37,1.08,-26.5,2.33,-27.15,2.41,0.86,1.26,True,True,5.6,uptrend,-0.48,-0.14,-1.51,-0.16,False,False,7.58,range,-1.85,-1.2,SMH,-5.91,-0.07,False,False,18.52,range,-3.78,-4.02,16.21,3.45,-9.28,15-20,1485.02,liberator_minute,10:40,1493.76,True,1619.29,1569.58,0.328,1499.0,10:44,0.023,1470.63,28.37,12.3,False,4.34,0.4,5.55,313.0,2.09,4.24,4.24,2236519.0,1.197,4.34,8.31,2.48,stated,4 consecutive red days; -35% & 4 ATRs in 5 days; upper to lower BB in 8 days
E02,3,Elijah,2026-06-29,SOXL,long,Volatility in Range,10:15,morning,,185.66,MA,SMA50,,,0.152,False,216.36,238.65,192.3,236.52,215.6,43.81,20.32,0.549,0.532,1.058,0.35,9.7,1,0.322,5,-36.32,1.59,0.86,0.94,False,27.39,183.58,-10.81,0.53,-16.23,0.85,-36.06,2.48,-0.38,0.89,False,True,6.12,range,1.65,1.03,-0.21,2.98,False,True,8.04,range,2.49,1.06,SMH,1.85,11.41,True,True,18.22,uptrend,3.33,0.56,17.54,-5.34,-2.5,15-20,192.3,liberator_minute,10:17,192.3,True,216.36,208.23,0.364,195.25,10:18,0.067,187.92,7.33,16.7,False,5.92,0.4,10.58,268.0,1.55,2.88,5.63,6032312.0,0.223,5.75,10.47,1.38,stated,-30% in 3 days
E03,4,Elijah,2026-06-25,SOXL,long,Volatility in Range,10:00,morning,226.0,238.15,MA,SMA20,,,0.285,True,268.05,268.4,225.74,252.61,229.57,43.54,18.97,0.972,0.088,0.98,16.76,10.04,2,0.442,3,-25.25,1.48,1.01,1.02,False,40.31,210.24,-1.67,0.09,-24.95,1.72,-3.48,0.19,-1.51,0.19,False,True,4.97,range,0.14,0.77,-1.5,2.37,False,True,8.04,range,0.81,2.15,SMH,3.04,13.63,True,True,18.22,uptrend,2.9,4.92,19.06,-2.31,7.47,15-20,225.74,liberator_minute,09:59,225.73,True,268.05,247.54,0.501,230.13,10:00,0.101,221.38,8.75,20.1,False,3.39,0.45,7.83,138.0,1.65,4.33,2.68,12998781.0,0.264,2.69,0.13,2.93,stated,1 ATR extension from open; 226 from broad market selloff day; held above on 3 tries
E04,5,Elijah,2026-06-25,IBIT,long,Extension into Key Support,10:00,morning,,34.96,MA,SMA5,,,1.449,True,34.6,34.66,32.84,33.52,33.87,1.47,4.34,1.204,0.707,1.238,2.16,-1.03,2,0.175,,-29.47,1.86,1.39,0.88,False,-18.87,-31.31,-3.07,0.71,-10.05,2.5,-9.71,2.4,-1.51,0.19,False,True,4.97,range,0.14,0.77,-1.5,2.37,False,True,8.04,range,0.81,2.15,IBIT,-9.47,-18.87,False,False,30.02,downtrend,-1.03,2.16,19.06,-2.31,7.47,15-20,32.84,liberator_minute,09:59,32.83,True,34.6,33.72,0.605,32.99,10:00,0.109,32.68,0.31,20.9,False,3.84,0.18,9.11,33.0,2.02,5.24,1.68,12676246.0,0.009,2.08,4.14,3.07,stated,1 ATR extension from open
E05,6,Elijah,2026-04-07,AAPL,long,Volatility in Range,11:00,late_morning,246.0,246.0,pivot,prior daily high/low,4,11,0.058,True,256.15,256.2,245.7,253.5,258.86,5.31,2.05,1.971,2.48,1.977,-1.04,-2.07,0,0.815,,-12.53,2.05,1.57,2.12,True,-2.76,1.36,-5.09,2.48,-3.89,1.87,-0.38,0.18,0.28,-2.37,True,False,8.59,range,0.04,-0.35,0.12,-2.21,True,False,10.38,range,0.02,-0.49,QQQ,0.12,-2.21,True,False,10.38,range,0.02,-0.49,26.01,7.61,0.26,>25,245.7,liberator_minute,11:02,245.69,True,256.42,249.34,0.687,246.09,11:06,0.075,245.16,0.93,17.5,False,8.08,0.18,14.92,293.0,2.95,11.1,7.95,8005224.0,0.025,8.08,14.67,2.63,stated,>1.5 ATR extension from open; sold off on foldable iPhone delay reports
E06,7,Elijah,2025-11-21,BE,long,Extension into 100-SMA,10:45,late_morning,,72.38,MA,SMA100,,,0.229,False,94.02,94.5,76.0,89.99,93.38,15.82,16.94,1.139,1.098,1.169,0.69,-3.63,1,0.003,14,-48.6,1.3,2.48,1.86,False,-13.2,92.77,-18.61,1.1,-27.6,1.83,-32.08,2.27,-2.28,-1.57,False,False,5.97,range,1.0,0.39,-4.11,-2.93,False,False,9.69,range,0.75,0.31,SPY,-2.28,-1.57,False,False,5.97,range,1.0,0.39,23.74,-9.94,21.52,20-25,76.0,liberator_minute,10:45,76.0,True,94.02,84.13,0.514,78.5,10:46,0.158,74.42,4.08,25.8,False,3.04,0.47,9.43,303.0,1.1,3.8,2.81,5369309.0,0.242,3.04,4.61,4.59,stated,-49% off highs in 10 days; volume capitulation 2x prior day
E07,8,Elijah,2025-11-21,PLTR,long,Extension into Key Support,11:00,late_morning,148.0,148.0,pivot,prior daily high/low,56,19,0.038,True,156.01,158.11,147.56,154.85,155.75,11.86,7.62,0.713,0.691,0.889,0.17,-0.57,4,-0.018,14,-28.89,1.16,1.25,0.91,False,-14.41,10.58,-5.26,0.69,-11.82,1.67,-15.21,2.23,-2.28,-1.57,False,False,5.97,range,1.0,0.39,-4.11,-2.93,False,False,9.69,range,0.75,0.31,QQQ,-4.11,-2.93,False,False,9.69,range,0.75,0.31,23.74,-9.94,21.52,20-25,147.56,liberator_minute,11:05,147.55,True,155.99,153.05,0.464,148.36,11:06,0.068,146.36,2.0,16.8,False,4.88,0.4,8.9,204.0,2.15,3.82,3.26,9535838.0,0.043,4.42,8.42,2.17,stated,-29% off ATHs in 3 weeks; 16% & 3 ATRs in 2 days
E08,9,Elijah,2025-11-07,NVDA,long,Daily OE Long + Extension into 50-SMA,11:10,late_morning,180.0,180.0,pivot,prior daily high/low,12,35,0.159,True,184.9,188.32,178.91,188.15,188.08,6.85,3.64,0.875,1.339,1.374,-1.69,0.04,3,0.424,7,-15.68,1.72,1.61,1.19,False,2.26,25.54,-4.88,1.34,-9.96,2.89,-11.65,3.44,-0.54,0.76,False,True,5.59,range,0.1,-0.36,-1.15,1.2,False,True,7.94,range,-0.32,-0.55,SMH,-1.21,5.1,False,True,12.88,range,-0.85,-1.3,19.25,-2.78,2.93,15-20,178.91,liberator_minute,11:11,178.91,True,184.89,182.42,0.513,179.47,11:12,0.081,178.23,1.24,18.1,False,7.12,0.41,13.74,287.0,1.9,4.36,7.08,33587085.0,0.016,7.12,16.48,2.66,stated,5 consecutive down days; -15% & 4 ATRs in 5 days; undercut 50-SMA; 1 ATR ext from open
E09,10,Elijah,2025-08-20,PLTR,long,Daily OE Long + Extension into 50-SMA,11:00,late_morning,,152.66,MA,SMA50,,,1.286,True,152.3,156.46,142.34,156.01,157.75,8.03,5.09,1.241,1.92,1.759,-3.45,-1.1,5,0.277,6,-25.08,2.26,3.17,1.6,False,2.19,48.31,-9.77,1.92,-19.66,4.34,-22.8,5.24,0.28,2.33,True,True,4.34,uptrend,-0.27,-0.06,-0.65,1.77,False,True,5.74,range,-0.59,-0.17,QQQ,-0.65,1.77,False,True,5.74,range,-0.59,-0.17,15.75,1.09,-1.75,15-20,142.34,liberator_minute,10:54,142.34,True,152.31,148.11,0.719,143.83,10:56,0.186,141.54,2.29,28.6,False,5.51,0.07,17.59,283.0,1.69,3.7,5.31,37104017.0,0.047,5.51,6.17,6.93,stated,5 ATRs in 5 consecutive down days; upper to lower BB in 7 days; volume doubles twice; range expansion; undercuts 50-SMA
E10,11,Elijah,2025-07-18,CRCL,short,Extension into Key Resistance,10:10,morning,263.0,263.0,pivot,prior daily high/low,17,1,0.001,False,244.9,262.97,222.49,223.78,235.08,22.11,9.4,0.817,1.262,1.831,4.18,-4.81,2,0.819,,310.89,1.46,1.11,1.47,False,,,11.86,1.26,34.63,3.06,40.38,3.42,1.57,4.38,True,True,6.35,uptrend,-0.07,0.2,2.02,5.55,True,True,7.58,uptrend,-0.1,0.23,SPY,1.57,4.38,True,True,6.35,uptrend,-0.07,0.2,16.45,-1.08,-3.45,15-20,262.97,liberator_minute,10:12,262.97,True,245.0,247.17,0.715,257.51,10:14,0.247,265.18,7.67,34.7,False,4.56,0.45,18.31,201.0,1.15,1.63,4.35,6020622.0,0.454,4.51,5.76,2.02,corrected,">1 ATR extension from LOD; slide says 07/20/25 (a Sunday) - actual event 2025-07-18, high 262.97 matches cited 263"
T01,13,Thomas,2026-06-04,SNDK,short,Volatility in Range,09:40,open_drive,1805.0,1805.0,pivot,prior daily high/low,2,2,0.149,True,1741.31,1825.9,1725.08,1759.68,1831.5,116.2,6.34,0.697,0.079,0.868,-4.92,-3.92,1,1.022,,226.88,0.88,0.81,0.89,False,51.4,236.17,-0.5,0.08,3.46,0.52,11.01,1.55,1.49,6.35,True,True,4.2,uptrend,0.38,-0.28,2.65,11.29,True,True,8.22,uptrend,-0.48,-1.17,SMH,7.71,24.63,True,True,21.77,uptrend,-1.63,-3.9,15.19,-5.36,-10.09,15-20,1825.9,liberator_minute,09:41,1822.33,True,1740.82,1776.72,0.393,1800.0,09:42,0.192,1833.95,33.95,29.2,False,1.8,0.77,7.17,25.0,0.62,1.74,1.19,2678239.0,2.604,1.33,8.41,2.69,inferred,
T02,14,Thomas,2026-06-24,MSFT,short,Trend Continuation,09:38,open_drive,377.17,373.01,MA,SMA5,,,0.464,True,371.57,378.88,364.78,365.46,373.94,12.65,3.38,0.578,0.391,1.115,-0.63,-2.27,1,0.158,2,6.34,1.32,1.11,1.1,False,-11.33,-18.77,1.32,0.39,-0.14,0.04,-3.8,1.18,-1.76,0.18,False,True,4.97,range,-0.05,0.22,-2.39,1.83,False,True,8.04,range,-0.42,0.24,QQQ,-2.39,1.83,False,True,8.04,range,-0.42,0.24,19.51,0.05,10.86,15-20,378.88,liberator_minute,09:38,378.88,True,371.99,374.08,0.38,377.71,09:40,0.092,380.14,2.43,19.2,False,5.32,0.26,11.16,377.0,0.98,2.35,5.04,3750653.0,0.086,5.32,11.71,1.22,inferred,
T03,15,Thomas,2026-06-26,MU,long,Earnings Day 1,10:00,morning,,1131.51,MA,SMA5,,,0.014,True,1139.08,1198.71,1121.36,1132.33,1213.56,108.11,8.91,0.084,0.773,0.715,-6.14,-6.69,0,1.003,1,-10.65,1.14,1.54,1.04,False,42.87,168.15,-6.89,0.77,7.44,0.72,-0.35,0.04,-2.08,-0.63,False,False,6.12,range,-0.72,-0.73,-2.7,0.73,False,True,8.04,range,-1.38,-1.29,SMH,-1.18,8.5,False,True,18.22,range,-3.97,-3.15,18.53,-2.78,3.64,15-20,1121.36,liberator_minute,09:49,1129.97,False,1139.07,1141.75,0.109,1137.28,09:50,0.068,1119.16,18.12,16.8,False,3.39,0.88,6.36,18.0,0.23,0.1,-0.79,8580201.0,0.658,1.02,0.64,1.98,inferred,VERIFY level from slide image
T04a,16,Thomas,2026-05-26,INTC,long,Gap into Resistance,09:34,open_drive,118.32,118.32,MA,SMA5,,,0.096,True,122.09,125.62,117.35,123.52,119.84,10.16,8.48,0.468,0.246,0.814,1.88,3.07,0,0.709,10,-11.6,1.06,0.7,1.31,False,58.36,158.45,-2.09,0.25,-1.36,0.16,8.48,0.9,2.35,7.47,True,True,6.18,uptrend,0.66,0.59,4.59,13.25,True,True,11.83,uptrend,1.78,1.17,SMH,10.09,27.43,True,True,24.97,uptrend,4.48,2.65,16.94,0.77,-3.35,15-20,117.35,liberator_minute,09:34,117.34,True,122.1,120.04,0.266,119.43,09:36,0.206,116.32,3.11,30.6,False,1.99,0.25,8.15,22.0,0.11,0.86,1.32,24181048.0,0.041,1.58,1.88,2.04,inferred,first of two trades on the slide
T04b,16,Thomas,2026-05-26,INTC,short,Gap into Resistance,09:58,morning,125.0,125.0,round,prior daily high/low,1,5,0.061,True,122.09,125.62,117.35,123.52,119.84,10.16,8.48,0.347,0.569,0.814,1.88,3.07,1,0.709,,209.18,1.06,0.7,1.31,False,58.36,158.45,4.82,0.57,5.6,0.66,16.13,1.72,2.35,7.47,True,True,6.18,uptrend,0.66,0.59,4.59,13.25,True,True,11.83,uptrend,1.78,1.17,SMH,10.09,27.43,True,True,24.97,uptrend,4.48,2.65,16.94,0.77,-3.35,15-20,125.62,liberator_minute,09:58,125.62,True,122.1,121.59,0.397,124.67,10:00,0.093,126.64,1.97,19.3,False,2.19,0.27,5.18,190.0,1.43,1.31,0.59,24181048.0,0.036,1.45,3.9,2.04,inferred,second of two trades on the slide
T05,17,Thomas,2026-06-03,SOXL,long,Gap into All Time High,09:45,open_drive,262.0,262.0,pivot,prior daily high/low,1,1,0.192,True,281.47,284.58,257.26,280.54,266.32,24.71,9.28,0.98,0.367,1.106,5.69,5.34,0,1.097,1,-9.6,1.39,0.86,1.16,False,116.17,320.76,-3.4,0.37,14.67,1.33,18.02,1.59,1.26,6.26,True,True,4.48,uptrend,-0.7,-0.19,3.47,12.36,True,True,9.06,uptrend,-0.26,0.15,SMH,10.23,27.87,True,True,21.77,uptrend,0.9,1.36,16.05,1.65,-5.58,15-20,257.26,liberator_minute,09:50,257.26,True,281.59,271.11,0.56,266.3,09:52,0.366,254.79,11.51,46.6,False,1.56,0.5,10.94,278.0,0.27,1.33,1.19,8826397.0,0.285,1.52,0.71,1.99,inferred,
T06,18,Thomas,2026-07-13,SNDK,long,Trend Continuation,09:45,open_drive,1700.0,1758.61,MA,SMA5,,,0.241,True,1792.86,1800.0,1646.17,1673.97,1915.92,238.9,12.47,0.385,0.9,0.644,-6.42,-12.63,0,0.414,11,-30.08,0.9,1.15,1.26,False,-0.88,124.44,-11.22,0.9,-1.52,0.11,-2.49,0.18,0.64,1.04,True,True,5.6,uptrend,-0.77,-0.33,-1.46,-0.49,False,False,6.35,range,-1.9,-1.07,SMH,-5.61,-0.76,False,False,18.52,range,-4.16,-2.13,17.05,13.29,-0.25,15-20,1646.17,liberator_minute,09:45,1701.0,False,1792.86,1744.51,0.182,1715.03,09:46,0.059,1677.11,37.92,15.9,True,1.71,1.82,3.31,45.0,0.58,2.05,-1.1,2182794.0,1.754,-0.42,2.58,2.34,inferred,slide 23 duplicates this example
T07,19,Thomas,2026-05-22,HOOD,long,Volatility in Range,10:25,morning,73.5,73.5,pivot,prior daily high/low,1,26,0.0,False,76.32,77.11,73.26,73.64,75.92,3.9,5.14,0.723,0.621,0.987,0.53,-3.0,0,0.384,24,-21.5,1.17,0.82,1.28,False,-3.37,-29.67,-3.19,0.62,-0.89,0.17,-4.72,0.93,1.92,7.03,True,True,5.81,uptrend,0.39,0.47,3.26,11.75,True,True,10.45,uptrend,0.42,0.5,SPY,1.92,7.03,True,True,5.81,uptrend,0.39,0.47,16.81,0.78,-4.43,15-20,73.26,liberator_minute,10:25,73.5,False,76.31,75.24,0.447,73.83,10:26,0.085,73.11,0.72,18.5,False,2.1,0.81,4.72,184.0,1.26,3.44,-0.28,2131233.0,0.023,0.03,3.07,1.09,inferred,
T08,20,Thomas,2026-06-01,FIG,long,Range Breakout,09:34,open_drive,25.4,25.4,pivot,prior daily high/low,1,11,0.027,True,26.31,27.73,25.35,27.12,25.5,1.87,7.33,0.514,0.08,1.276,3.18,6.35,0,1.036,1,-20.63,1.5,1.0,0.72,False,32.02,-27.11,-0.59,0.08,18.79,2.15,11.62,1.41,2.34,7.5,True,True,6.33,uptrend,0.27,-0.15,4.25,13.24,True,True,11.47,uptrend,0.6,-0.17,SPY,2.34,7.5,True,True,6.33,uptrend,0.27,-0.15,16.0,4.37,-6.91,15-20,25.35,liberator_minute,09:30,25.35,True,26.3,25.78,0.229,25.8,09:36,0.241,25.16,0.64,34.1,False,3.05,0.3,12.79,268.0,-0.17,0.79,2.04,4882088.0,0.069,2.75,0.18,2.7,inferred,
T09,21,Thomas,2026-07-14,SPCX,short,Trend Continuation,09:42,open_drive,143.0,144.2,MA,SMA5,,,0.091,False,140.95,143.33,135.52,136.08,139.14,10.71,7.7,0.212,0.381,0.729,1.3,-2.2,0,0.157,,6.17,0.5,0.31,0.65,False,,,2.93,0.38,-5.88,0.83,-4.18,0.58,0.93,1.29,True,True,5.6,uptrend,0.36,0.23,-0.35,0.46,False,True,6.35,range,1.12,1.19,SPY,0.93,1.29,True,True,5.6,uptrend,0.36,0.23,16.38,-3.93,-3.79,15-20,143.33,liberator_minute,09:43,143.22,True,140.89,141.9,0.123,142.62,09:44,0.056,144.29,1.67,15.6,False,4.25,0.42,7.19,375.0,0.4,1.04,3.9,7257486.0,0.061,4.25,6.24,0.63,inferred,
T10,22,Thomas,2026-08-03,SNDK,long,Day 3,09:32,open_drive,1124.38,1178.96,MA,SMA5,,,0.306,True,1159.84,1316.45,1121.27,1288.03,1214.83,189.66,15.61,0.205,0.495,1.029,-4.53,6.03,1,0.205,,-52.38,1.27,0.9,0.69,False,-24.32,53.04,-7.72,0.49,10.35,0.55,-12.3,0.83,1.56,1.65,True,True,4.04,uptrend,1.42,0.32,0.03,-2.08,True,False,9.87,range,1.76,0.05,SMH,-4.08,-8.37,False,False,22.74,downtrend,0.91,-1.87,15.76,-1.81,-8.4,15-20,1121.27,liberator_minute,09:32,1121.01,True,1158.39,1140.92,0.105,1144.0,09:34,0.121,1102.04,41.96,22.1,False,3.58,0.29,9.13,236.0,-0.03,0.34,3.52,2409221.0,2.643,,,1.94,corrected,slide text says 1225 but chart shows level line at 1124.38/1115.68 and day low 1121.27 - 1225 is a digit typo for ~1125; event date is today
